_1 = Corinne Daudier <corinne.daudier@wanadoo.fr>
_2 = Hlynur Sigurþórsson <hlynurs06@ru.is>
abaqanmalika = Malika Abakan <abaqanmalika@users.sourceforge.net>
abdik = Beknazar Abdikamalov <beknazar23@gmail.com>
acorbi = Antonio Corbi <acorbi@dlsi.ua.es>
aglimzan = Aglimzan <aglimzan@users.sourceforge.net>
aida27 = Aida Sundetova <sun27aida@gmail.com>
aidana1 = Aidana <askaribayeva@gmail.com>
ailowest = Ailu West <ailu.west.92@gmail.com>
aimaz = Stephen Paulger <stephen.paulger@gmail.com>
ainura12345 = Ainura Zhamalieva <ainura12345@users.sourceforge.net>
aizhan = Aizhan Aitkulova <aizhanka.89@mail.ru>
akindalk = akindalk <akindalk@users.sourceforge.net>
akirato = Nurendra Choudhary <nurendrachoudhary31@gmail.com>
alessiojr = Alessio <alessiojunin@gmail.com>
aldsaryglar = aldsaryglar <aldsaryglar@users.sourceforge.net>
alintasky = Saltanat Kyzyrkanova <alintasky@users.sourceforge.net>
alxmamaev = Мамаев Александр <alxmamaev@ya.ru>
aman-mehta = Aman Mehta <amanmehta1997@gmail.com>
andrewpowell = Andrew Powell <apowell1@swarthmore.edu>
anieva = Alicia Nieva <anieva@users.sourceforge.net>
anthonyjbentley = Anthony J. Bentley <anthony@anjbe.name>
anusaaraka = Anusaaraka <anusaaraka@users.sourceforge.net>
aranberri = Nora Aranberri <nora.aranberri@ehu.es>
arinkverma = arink verma <arinkverma@iitrpr.ac.in>
aronsson = Lars Aronsson <lars@aronsson.se>
artetxem = Mikel Artetxe <artetxem@gmail.com>
asfrent = Andrei Sfrent <gsoc@asfrent.net>
assem250586 = Assem Abeustanova <shormakovaassem@gmail.com>
atoral = Antonio Toral <atoral@computing.dcu.ie>
aureianimus = Pim Otte <otte.pim@gmail.com>
balzhan1 = Balzhan Abduali <balzhan_5696@mail.ru>
bbqsrc = Brendan Molloy <brendan@bbqsrc.net>
beboppinbobby = Robert Reynolds <reynoldsrjr@gmail.com>
bechapertium = Bernard Chardonneau <bechapertium@free.fr>
beckdaniel = Daniel Emilio Beck <beckdaniel@users.sourceforge.net>
bikeboditti = Tewodros Abebe <wolaytta.boditti@gmail.com>
birgitta-ojamaa = birgitta-ojamaa <birgitta-ojamaa@users.sourceforge.net>
blah-sphemer = Eknath Venkataramani <blah-sphemer@users.sourceforge.net>
bmn000 = Berit Merete Nystad Eskonsipo <beriteskonsipo@gmail.com>
btoews = Brian Toews <btoews@users.sourceforge.net>
carlaparra = Carla Parra <carla.parra@adaptcentre.ie>
carmentano = Carme Armentano-Oller <carme.armentano@gmail.com>
carmepla = Carme Pla <carmepla@users.sourceforge.net>
ceramisch = Carlos Ramisch <carlos.ramisch@lif.univ-mrs.fr>
cganas = cganas <cganas@users.sourceforge.net>
ciprianno = Ciprian-Virgil Gerstenberger <ciprian.gerstenberger@uit.no>
conor-f = Conor Flynn <conor.j.flynn@gmail.com>
cordawyn = Toyama Tokanawa <cordawyn@tut.by>
cos = Kevin Scannell <kscanne@gmail.com>
cperezs = Carlos Pérez <cperez@dlsi.ua.es>
cristipiticul = Cristipiticul <cristipiticul@users.sourceforge.net>
cromulen7 = Cromulen7 <cromulen7@users.sourceforge.net>
dalimilh = dalimilh <dalimilh@users.sourceforge.net>
daniel_asturias = Daniel Asturias <daniel_asturias@users.sourceforge.net>
darkgaia1 = darkgaia1 <darkgaia1@users.sourceforge.net>
darthxaher = Abu Zaher <zaher14@gmail.com>
dina09 = Dina Amirova <amidi_92@mail.ru>
dominikoeo = Dominique Pelle <dominique.pelle@gmail.com>
donissegui = Donís Seguí <donissegui@gmail.com>
donnek = Kevin Donnelly <kevin@dotmon.com>
dori_ua = Dori U. A. <dori.urban@ua.es>
dowlinme = Meghan Dowling <meghan.dowling@dcu.ie>
drevalan = Alan Drev <drevalan@users.sourceforge.net>
dshgna = dshgna <dshgna@users.sourceforge.net>
dtvrij74 = Daniel Huang <dtvrij74@gmail.com>
e-gomez = Tany <egomez@prompsit.com>
ebenimeli = Enrique Benimeli Bofarull <dev@ebenimeli.org>
elephantgcc = Gang Chen <pkuchengang@gmail.com>
eltorre = Daniel Torregrosa <dtr5@alu.ua.es>
emperor-penguin = Ryan Chi <ryan.andrew.chi@gmail.com>
epiola = Ibon <epiola@users.sourceforge.net>
ericye16 = ericye16 <ericye16@users.sourceforge.net>
erikagiella = Erika Sarivaara <erika.sarivaara@gmail.com>
espla = Miquel Esplà <mespla@dlsi.ua.es>
esquiroletes = Dipesquirol <esquiroletes@users.sourceforge.net>
eva_revilla = Eva Revilla <eva.revilla@upf.edu>
fklubicka = Filip Klubička <fklubicka@gmail.com>
fpetkovski = Filip Petkovski <filpetkovski@gmail.com>
frankier = Frankie Robertson <frankie@robertson.name>
friedelwolff = F Wolff <wolfff@unisa.ac.za>
frokor = Frode Håvik Korneliussen <frokor@users.sourceforge.net>
ftyers = Francis M. Tyers <ftyers@prompsit.com>
fulupjakez = Fulup Jakez <fulup.jakez@ofis-bzh.org>
g-ramirez = Gema Ramírez Sánchez <gramirez@prompsit.com>
gaebpien = Maja Lisa Kappfjell <maja.l.kappfjell@uit.no>
gallaecio = Adrián Chaves Fernández <adriyetichaves@gmail.com>
garbine = Garbine <garbine@eleka.net>
gfro3d = Gianfranco Fronteddu <gfro3d@gmail.com>
ggrossi = Gianluca Grossi <gianluca.grossi@me.com>
ggzfe = Gianluca Grossi <gianluca.grossi@me.com>
giankon = giankon <giankon@users.sourceforge.net>
giellalinda = Linda Wiechetek <linda.wiechetek@uit.no>
gorka_lab = gorka_lab <gorka.labaka@ehu.eus>
greenbreen = Greenbreen <greenbreen@users.sourceforge.net>
guillaumebzh = Morin Guillaume <guillaumebzh@users.sourceforge.net>
gwenvael = Gwenvael Jequel <jequelg@yahoo.fr>
hectoralos = Hèctor Alòs i Font <hectoralos@gmail.com>
helename = Helena Caseli <helenacaseli@dc.ufscar.br>
himanshu40 = Himanshu Sekhar Nayak <himanshuwindows8.1@gmail.com>
hkaalep = Heiki-Jaan Kaalep <heiki-jaan.kaalep@ut.ee>
hloftsson = Hrafn Loftsson <hrafn@ru.is>
hrafn65 = Hrafn Loftsson <hrafn@ru.is>
iamas = iamas <iamas@users.sourceforge.net>
immortalshox = Grzegorz Stark <gstark0@icloud.com>
inariksit = Inari Listenmaa <inari@chalmers.se>
irene-tang = Irene Tang <itang1@swarthmore.edu>
isaaccp = Isaac Clerencia Perez <japerez@dlsi.ua.es>
izakus = Iza Kusicielek <iza.kusicielek@gmail.com>
jackrueter = Jack Rueter <rueter.jack@gmail.com>
jam0522 = jam0522 <jam0522@users.sourceforge.net>
japerez = Juan Antonio Pérez Ortiz <japerez@dlsi.ua.es>
jaumeortola = Jaume Ortolà i Font <jaumeortola@gmail.com>
jernejvicic = Jernej Vicic <jernej.vicic@upr.si>
jezral = Tino Didriksen <mail@tinodidriksen.com>
jimregan = Jim O'Regan <joregan@gmail.com>
jonasfromseier = Jonas Fromseier Mortensen <jonas@fromseier.dk>
jonorthwash = Jonathan North Washington <jonwashi@indiana.edu>
jordics = jordics <jordics@users.sourceforge.net>
juanpabl = Juan Pablo Martínez Cortés <jpmart@unizar.es>
jupilertauro = Laurens Teirlynck <laurens.teirlynck@gmail.com>
kantoro = Kantoro Erkulov <kantoro@users.sourceforge.net>
kapexi = Pekka Kauppinen <pekka.kauppinen@helsinki.fi>
kartik_m = Kartik Mistry <kartik.mistry@gmail.com>
kcranky = Keegan Crankshaw <kcranky@users.sourceforge.net>
keld = Keld Jørn Simonsen <keld@keldix.com>
kindleton = Raveesh Motlani <raveeshmotlani@gmail.com>
komsip = Johan Fredin <komsip@users.sourceforge.net>
kr_angelov = Krasimir Andreev <krasimir.angelov@cse.gu.se>
krvoje = Hrvoje Peradin <hperadin@gmail.com>
ksnmi = Akshay Minocha <akshayminocha5@gmail.com>
ksuvi = ksuvi <ksuvi@users.sourceforge.net>
kuprina = kuprina <kuprina@users.sourceforge.net>
kvld = Vladislav Kiryukhin <kiryukhinv@gmail.com>
leneant = Lene Antonsen <lene.antonsen@uit.no>
leoboiko = Leonardo F. S. Boiko <leoboiko@ime.usp.br>
liamtomkins = Liamtomkins <liamtomkins@users.sourceforge.net>
lipk = lipk <lipk@users.sourceforge.net>
lmocic = Ljubisa Mocic <ljubisa.mocic@gmail.com>
lordoflife = Lord_of_Life <lordoflife@users.sourceforge.net>
lucardone = Luca Cardone <lucardone@gmail.com>
luciamorado = Lucia Morado <lucia.morado@unige.ch>
lylax47 = John Lyell <jjlyell@gmail.com>
m-scalco = Miriam Scalco <scalco@prompsit.com>
m5w = Matthew <matthew.marting@earthlink.net>
maiohman = maiohman <maiohman@users.sourceforge.net>
makappfj = Maja Lisa Kappfjell <maja.l.kappfjell@uit.no>
makazhan = Aibek Makazhanov <aibek.makazhanov@nu.edu.kz>
mangheluta = Mioara Adelina Angheluta <anghelutamioara@yahoo.fr>
mansayk = Mansur Saykhunov <6688000@gmail.com>
marcosblakb = Marcos Besteiro <marcosblakb@users.sourceforge.net>
marcriera = Marc Riera Irigoyen <marc.riera.irigoyen@gmail.com>
mariafronczak = Maria Fronczak <mfronczak@gmail.com>
mariannloosaar = mariannloosaar <mariannloosaar@users.sourceforge.net>
marinaloffredo = Marina Loffredo <loffredomarina@gmail.com>
mariolalaixa = Mariola Alaixa Gadea Ferrando <alaixa77gf@gmail.com>
marjaliisa = Marja-Liisa Olthuis <marja-liisa.olthuis@oulu.fi>
martacostajussa = Marta Ruiz <martaruizcostajussa@gmail.com>
marta_villegas = Marta Villegas <marta.villegas@gmail.com>
marthab08 = Martha Dís Brandt <marthab08@ru.is>
maryszmary = Мария Шеянова <masha.shejanova@gmail.com>
mawill11 = node.ue <mawill11@users.sourceforge.net>
meganbarnes = meganbarnes <meganbarnes@users.sourceforge.net>
memduhg = Memduh Gökırmak <memduhg@gmail.com>
mensek = F.Mensek <f.mensek@atlas.cz>
mfarrus = Mireia Farrus Cabeceran <mfarrusc@uoc.edu>
mginesti = Mireia Ginestí Rosell <mireia.ginesti@gmail.com>
mie = Tommi Pirinen <flammie@iki.fi>
miinasus = Miina Seurujärvi <miina.seurujarvi@samediggi.fi>
misoss = Misoss <misoss@users.sourceforge.net>
"missmaryx" : "missmaryx <missmaryx@users.sourceforge.net>",
mkrist = Michael Kristensen <mkrist88@gmail.com>
mlforcada = Mikel L. Forcada <mlf@dlsi.ua.es>
moshagen = Sjur Nørstebø Moshagen <sjur.n.moshagen@uit.no>
mpsilfve = Miikka Silfverberg <miikka.silfverberg@helsinki.fi>
murgilduta = Julen Ruiz Aizpuru <murgilduta@users.sourceforge.net>
natalinka = natalinka <natalinka@users.sourceforge.net>
naudefj = Frank Naudé <naudefj@telkomsa.net>
nbel = NBel <nuria.bel@upf.edu>
neetainari = neetainari <neetainari@users.sourceforge.net>
nikant12 = nikant12 <nikant12@users.sourceforge.net>
nikerabbit = Niklas Laxström <nlaxstrom@wikimedia.org>
nljubesi = Nikola Ljubešić <nljubesi@gmail.com>
nordfalk = Jacob Nordfalk <jacob.nordfalk@gmail.com>
nuboro = Bror Hultberg <brorhultberg@gmail.com>
nurbolat07 = Нурболат Жанбосунов <nurbolat_03.93@mail.ru>
olafurw = Ólafur Waage <olafurw@users.sourceforge.net>
oscarsenra = Oscar Senra Gómez <oscar@imaxin.com>
palifra = Proleter <palifra@users.sourceforge.net>
pankajksharma92 = Pankaj Kumar Sharma <sharmapankaj1992@gmail.com>
pato-yapoq = Vlastimil Rataj <pato.yapoq@seznam.cz>
paulomalvar = Paulo Malvar <paulomal@gmail.com>
pclimentperez = Pau Climent i Pérez <pclimentperez@gmail.com>
peturh = Petur Andrias Jacobsen <peturhjac@gmail.com>
pminervini = Pasquale Minervini <p.minervini@gmail.com>
pranjal4456 = Pranjal Das <pranjal4456@gmail.com>
qdinar = dinar qurbanov <qdinar@gmail.com>
quirille = Kirill Krylov <knpnvv@gmail.com>
rajeevnairb = rajeevnairb <rajeevnairb@users.sourceforge.net>
rantakau = rantakau <rantakau@users.sourceforge.net>
raymondhs = Raymond HS <raymhs91@gmail.com>
rblumber = rblumber <rblumber@users.sourceforge.net>
reikazezzz = reikazezzz <reikazezzz@users.sourceforge.net>
ritvanystad = Ritva Nystad <ritva.nystad@uit.no>
rlbooks = rlbooks <rlbooks@users.sourceforge.net>
roybaer = Benedikt Freisen <b.freisen@gmx.net>
rtxanson = Ryan Johnson <ryan.txanson@gmail.com>
rujul = Rujul Gandhi <rujulgandhi@gmail.com>
sabertooth-cat = sabertooth-cat@users.sourceforge.net
saguzaharra = Gavin Abercrombie <gavtronone@gmail.com>
sanamali = Sanam Ali <eyeofthoughts@gmail.com>
sancorva = Santiago Cortés <sancorva@users.sourceforge.net>
sandrahka = Sandra Rahka <sandra.rahka@gmail.com>
sanmarf = Felipe Sánchez Martínez <fsanchez@dlsi.ua.es>
saule123 = Saule Zholdybekova <saule123@users.sourceforge.net>
savior42 = savior42 <savior42@users.sourceforge.net>
saya07 = Saya Sapakova <saya07@users.sourceforge.net>
Schindler97 = Jaipal Singh <jpsinghgoud@gmail.com>
selimcan = Ilnar Salimzyan <ilnar.salimzyan@gmail.com>
senio = Xosé Arsenio Coto Pérez <senio@users.sourceforge.net>
sereni = Ekaterina Ageeva <sereni.nm@gmail.com>
serikbayev = Yersultan Serikbayev <serikbayev.e@gmail.com>
serpis = Cristina Guillem Carbonell <serpis@users.sourceforge.net>
sevilaybayatli = Sevilay Beyatli <sevilaybayatli@gmail.com>
sgkryvenko = Stanislav Kryvenko <sgkryvenko@gmail.com>
shardulc = Shardul Chiplunkar <shardul.chiplunkar@gmail.com>
shopskasalata = Shopskasalata <shopskasalata@users.sourceforge.net>
shraier = Aleš Horvat <ales.horvat@gmail.com>
skburke = Sean Burke <leftmostcat@gmail.com>
slarasati = Septina Dian Larasati <septina.larasati@gmail.com>
slasherdev = Ljubisha Rus <slasherdev@users.sourceforge.net>
solinus = Solinus <solinus@users.sourceforge.net>
sortiz = Sergio Ortiz Rojas <sergio.ortiz@gmail.com>
speaklanguages = speaklanguages <speaklanguages@users.sourceforge.net>
spectre360 = Francis M. Tyers <ftyers@prompsit.com>
spiegelian = Barbara Dujmic <spiegelian@gmail.com>
ssantosa = Susana Santos <susana.santos2008@gmail.com>
sud1209 = Sudarsh Rathi <sudarshrathi92@gmail.com>
surajkawade = Suraj Kawade <suraj.kawade@gmail.com>
sushain97 = Sushain Cherivirala <sushain@skc.name>
svineet = Sai Vineet <saivineet89@gmail.com>
tachyonsvyd = aboobacker sidheeque mk <aboobackervyd@gmail.com>
tarika17 = tarika17 <tarika17@users.sourceforge.net>
tasunke = Stephen Tigner <stephen.tigner@gmail.com>
tenebr050 = Darshak Parikh <darshak@openmailbox.org>
thejonttu = Joonas Kylmälä <j.kylmala@gmail.com>
tiefling-cat = Nikita Medyankin <nikita.medyankin@gmail.com>
tihomirr = Tihomir Rangelov <tihomir.rangelov@gmail.com>
tiinapl78 = Tiina Puolakainen <tiinapl78@gmail.com>
trondtr = Trond Trosterud <trond.trosterud@hum.uit.no>
tspier2 = Troy <tspier2@gmail.com>
tunedal = Per Tunedal <per.tunedal@operamail.com>
tuxskar = oscar ramirez <tuxskar@gmail.com>
uliana-sentsova = Ульяна Сенцова <uliana.sentsova@gmail.com>
ulyssesz = Ulysses <ulyssesz@users.sourceforge.net>
unhammer = Kevin Brubeck Unhammer <unhammer@fsfe.org>
vinit-ivar = Vinit Ravishankar <vinit.ravishankar@gmail.com>
virasj = Vee Satayamas <vsatayamas@gmail.com>
virpu = virpu <virpu@users.sourceforge.net>
vitaka = Víctor Manuel Sánchez Cartagena <vitaka@gmail.com>
wayuu = wayuu <wayuu@users.sourceforge.net>
wei2912 = wei2912 <wei2912.supp0rt@gmail.com>
Winterstream = Wynand Winterbach <W.Winterbach@tudelft.nl>
wolfgangth = Wolfgang Thauer <wolfgangwth@web.de>
xavivars = Xavi Ivars <xavi.ivars@gmail.com>
xgg = Xavier Gomez Guinovart <xgg@uvigo.es>
yatezcan = Yusuf Tezcan <yatezcan@users.sourceforge.net>
yerbolatkz = Yerbolat Kaldashbekov <yerbolatkz@users.sourceforge.net>
yisas = Yisas <yisas@users.sourceforge.net>
youssefsan = Oualmakran Youssef <youssefsan@gmail.com>
zfe = Gianluca Grossi <gianluca.grossi@me.com>
zhadi22 = Zhadyra Akhmadieva <zhadi22@users.sourceforge.net>
zhenisbek = Zhenisbek Assylbekov <zhassylbekov@nu.edu.kz>
zmoostik = Nicolas Vion <nico@moostik.net>
zzhake = Zhandos Zhumanov <z.zhake@gmail.com>
